,name,relevant_area,maximum_gradient,super_regions
0,13300-03tript.jpg,0.46938775510204084,2.8612168,4
1,13301-03tript1.jpg,0.46938775510204084,3.4830658,1
2,13302-03tript2.jpg,0.4897959183673469,3.3438423,1
3,13303-04church.jpg,0.3673469387755102,3.442491,4
4,13305-05franci.jpg,0.42857142857142855,3.4712312,1
5,13308-11alberg.jpg,0.42857142857142855,3.2070336,3
6,13309-12thymot.jpg,0.3673469387755102,3.342954,2
7,13310-13turban.jpg,0.3673469387755102,2.6283576,2
8,13312-14m_read.jpg,0.46938775510204084,3.315701,2
9,13313-16rolin.jpg,0.4489795918367347,2.7423344,1
10,13317-17carnat.jpg,0.2857142857142857,3.5076036,2
11,13318-18annunc.jpg,0.42857142857142855,3.2735076,1
12,13320-19lannoy.jpg,0.3877551020408163,3.6417582,2
13,13321-20arnolf.jpg,0.42857142857142855,2.7600806,1
14,13322-22leeuw.jpg,0.3877551020408163,3.619085,2
15,13323-23suckli.jpg,0.5102040816326531,3.1138217,2
16,13324-24dipty1.jpg,0.3877551020408163,3.7856421,2
17,13325-24dipty2.jpg,0.3673469387755102,3.1345782,3
18,13326-250tript.jpg,0.4897959183673469,3.8269534,2
19,13328-252tript.jpg,0.4489795918367347,3.2129905,1
20,13329-25tripty.jpg,0.5102040816326531,2.8612623,2
21,13330-26barbar.jpg,0.4897959183673469,2.782037,2
22,13331-28margar.jpg,0.4489795918367347,3.5610516,3
23,13332-29founta.jpg,0.5102040816326531,3.3826783,1
24,13333-30christ.jpg,0.42857142857142855,2.836961,3
25,13334-31jerom.jpg,0.4897959183673469,3.2175171,1
26,13336-u1adam.jpg,0.3673469387755102,3.4666827,2
27,13337-u1adam1.jpg,0.30612244897959184,3.3730972,4
28,13341-u3virgi.jpg,0.42857142857142855,3.7725604,2
29,13343-u4god.jpg,0.3877551020408163,3.2421649,1
30,13346-u5john.jpg,0.5102040816326531,2.9892616,3
31,13348-u6kill.jpg,0.5102040816326531,2.693318,3
32,13349-u7eve.jpg,0.3877551020408163,3.4716547,2
33,13350-u7eve1.jpg,0.2653061224489796,3.8168564,3
34,13353-u2singi.jpg,0.3469387755102041,3.819502,1
35,13357-u6play.jpg,0.4897959183673469,3.1566217,1
36,13362-l1judge.jpg,0.14285714285714285,3.5899055,3
37,13366-l3adora.jpg,0.40816326530612246,3.347791,3
38,13378-l4hermi.jpg,0.1836734693877551,2.871105,1
39,13380-2closed.jpg,0.42857142857142855,3.2798147,3
40,13381-u1annun.jpg,0.46938775510204084,3.719628,2
41,13383-u1annun1.jpg,0.40816326530612246,2.7264118,1
42,13384-u1annun2.jpg,0.46938775510204084,3.624501,1
43,13386-u2window.jpg,0.061224489795918366,2.1887574,2
44,13387-u3sibyl.jpg,0.40816326530612246,3.9024594,3
45,13390-u4annun.jpg,0.30612244897959184,3.6860557,3
46,13392-u4annun1.jpg,0.42857142857142855,3.317462,1
47,13393-u4annun2.jpg,0.42857142857142855,3.4007943,3
48,13396-l1donor.jpg,0.4897959183673469,3.5143573,1
49,13398-l2johnb.jpg,0.4897959183673469,2.4021277,2
50,13399-l3johne.jpg,0.40816326530612246,2.6698918,3
51,13400-l4donor.jpg,0.32653061224489793,2.5639997,5
52,13402-15arno.jpg,0.46938775510204084,2.9859548,1
53,13415-21paele0.jpg,0.3877551020408163,2.7747753,1
54,14900-early02.jpg,0.40816326530612246,3.7297592,1
55,14902-early04.jpg,0.46938775510204084,3.5264666,3
56,14903-early05.jpg,0.4489795918367347,3.6824737,3
57,14905-early07.jpg,0.3673469387755102,3.5733485,3
58,14909-early11.jpg,0.30612244897959184,3.8574114,1
59,14910-early12.jpg,0.4489795918367347,3.311491,1
60,14911-early13.jpg,0.3877551020408163,3.9208608,1
61,14914-1ponta02.jpg,0.4897959183673469,1.9612216,2
62,14915-2martin1.jpg,0.3877551020408163,3.5390253,3
63,14916-2martin2.jpg,0.4897959183673469,3.0405874,1
64,14918-2martin4.jpg,0.42857142857142855,2.7199028,1
65,14921-3ponta03.jpg,0.12244897959183673,2.0827918,4
66,14922-3ponta04.jpg,0.3877551020408163,3.2897708,2
67,14924-3ponta06.jpg,0.46938775510204084,3.3207653,3
68,14928-5paris01.jpg,0.46938775510204084,3.8742788,4
69,14929-5paris02.jpg,0.46938775510204084,2.9480846,1
70,14930-5paris03.jpg,0.3673469387755102,3.1358318,2
71,14931-6pould01.jpg,0.30612244897959184,3.387725,4
72,14932-6pould02.jpg,0.42857142857142855,3.4619675,3
73,14933-6pould03.jpg,0.16326530612244897,2.6443558,5
74,14935-6pould05.jpg,0.3673469387755102,3.260449,1
75,14936-6pould06.jpg,0.3673469387755102,3.054074,2
76,14938-6pould08.jpg,0.5102040816326531,2.696954,1
77,14939-6pould09.jpg,0.20408163265306123,2.6965504,4
78,14940-6pould10.jpg,0.2653061224489796,3.3918376,2
79,14941-6pould11.jpg,0.4489795918367347,3.3748612,3
80,14946-6pould16.jpg,0.3877551020408163,3.5717669,1
81,14947-4arles01.jpg,0.5306122448979592,2.8434584,2
82,14948-4arles02.jpg,0.4897959183673469,3.7350373,2
83,14949-4arles03.jpg,0.4897959183673469,3.0226426,2
84,14950-4arles04.jpg,0.4489795918367347,3.381038,1
85,14951-4arles05.jpg,0.4489795918367347,3.0620193,1
86,14956-tahiti03.jpg,0.2653061224489796,3.715394,2
87,14957-tahiti04.jpg,0.12244897959183673,2.7774417,3
88,14958-tahiti05.jpg,0.4489795918367347,3.226102,2
89,14959-tahiti06.jpg,0.4489795918367347,2.7258697,3
90,14960-tahiti061.jpg,0.4489795918367347,3.5344698,2
91,14963-tahiti09.jpg,0.42857142857142855,3.3643587,2
92,14964-tahiti10.jpg,0.4897959183673469,3.0385287,1
93,14966-tahiti12.jpg,0.4489795918367347,2.4566514,1
94,14967-tahiti13.jpg,0.08163265306122448,3.1601777,2
95,14968-tahiti14.jpg,0.24489795918367346,3.5404255,3
96,14973-tahiti19.jpg,0.4897959183673469,3.2963407,2
97,14974-tahiti20.jpg,0.3877551020408163,3.735338,2
98,14975-tahiti21.jpg,0.46938775510204084,3.15059,1
99,14976-tahiti22.jpg,0.3877551020408163,3.7488368,1
100,14978-tahiti24.jpg,0.42857142857142855,3.1314313,1
101,14979-tahiti25.jpg,0.3469387755102041,3.1104326,2
102,14980-1paris01.jpg,0.4489795918367347,3.2311804,2
103,14982-1paris03.jpg,0.24489795918367346,3.4725866,4
104,14984-1paris05.jpg,0.3877551020408163,3.675982,3
105,14985-1paris06.jpg,0.3877551020408163,3.2131348,2
106,14986-2ponta01.jpg,0.3469387755102041,3.1338813,3
107,14987-2ponta02.jpg,0.3877551020408163,3.6207392,1
108,14988-2ponta03.jpg,0.42857142857142855,3.744194,1
109,14990-2ponta05.jpg,0.4489795918367347,3.1320577,1
110,14992-tahiti51.jpg,0.5102040816326531,2.8142896,1
111,14993-tahiti52.jpg,0.3877551020408163,3.4964929,1
112,14994-tahiti53.jpg,0.30612244897959184,3.4279275,2
113,14995-tahiti54.jpg,0.2653061224489796,3.5551255,3
114,14996-tahiti55.jpg,0.3469387755102041,3.1747236,1
115,15000-tahiti59.jpg,0.4897959183673469,3.1950233,1
116,15001-tahiti60.jpg,0.46938775510204084,3.2514865,1
117,15004-tahiti621.jpg,0.3877551020408163,3.3470986,1
118,15005-tahiti63.jpg,0.4489795918367347,3.1934006,1
119,15007-tahiti65.jpg,0.3469387755102041,3.6330748,3
120,15008-tahiti66.jpg,0.5102040816326531,2.4832807,1
121,15011-tahiti69.jpg,0.3673469387755102,3.4881926,1
122,15012-tahiti70.jpg,0.40816326530612246,3.1258295,2
123,15014-tahiti72.jpg,0.3877551020408163,3.7135203,1
124,15015-tahiti73.jpg,0.20408163265306123,3.4852977,2
125,15016-tahiti74.jpg,0.5306122448979592,2.9848566,2
126,15017-tahiti75.jpg,0.5306122448979592,3.124264,2
127,15018-marque01.jpg,0.4897959183673469,3.129871,1
128,15019-marque02.jpg,0.4897959183673469,2.9204745,2
129,15020-marque03.jpg,0.4489795918367347,2.6466384,3
130,15021-marque04.jpg,0.46938775510204084,2.6388996,1
131,15022-marque05.jpg,0.4897959183673469,2.6653411,1
132,15023-marque06.jpg,0.4489795918367347,3.3274808,2
133,15025-marque08.jpg,0.42857142857142855,3.5309124,3
134,15026-marque09.jpg,0.4897959183673469,3.4726748,1
135,16977-1etten1.jpg,0.3469387755102041,3.968595,1
136,16978-2hague01.jpg,0.3673469387755102,3.4070423,1
137,16979-2hague02.jpg,0.22448979591836735,3.644438,2
138,16980-2hague03.jpg,0.02040816326530612,2.0,1
139,16981-2hague04.jpg,0.4489795918367347,2.8061306,3
140,16982-2hague05.jpg,0.3673469387755102,3.5681431,4
141,16983-2hague06.jpg,0.2857142857142857,3.3302116,2
142,16984-3drenth1.jpg,0.46938775510204084,3.7383375,1
143,16987-nuenen02.jpg,0.30612244897959184,3.5695639,2
144,16989-nuenen04.jpg,0.22448979591836735,3.9150424,2
145,16991-nuenen06.jpg,0.2857142857142857,3.524947,3
146,16992-nuenen07.jpg,0.20408163265306123,4.0747538,4
147,16994-nuenen09.jpg,0.04081632653061224,3.425736,1
148,16995-nuenen10.jpg,0.2653061224489796,2.9027364,2
149,16996-nuenen11.jpg,0.22448979591836735,3.468757,3
150,16997-nuenen12.jpg,0.3469387755102041,3.4218295,2
151,16998-nuenen13.jpg,0.42857142857142855,3.3588533,1
152,16999-nuenen14.jpg,0.1836734693877551,3.5887053,3
153,17000-nuenen15.jpg,0.32653061224489793,2.9034238,1
154,17001-nuenen16.jpg,0.12244897959183673,3.7951763,3
155,17003-nuenen18.jpg,0.40816326530612246,3.896759,1
156,17004-nuenen19.jpg,0.40816326530612246,3.3827121,6
157,17005-nuenen20.jpg,0.2857142857142857,3.3755057,1
158,17006-nuenen21.jpg,0.3673469387755102,3.6813703,2
159,17007-nuenen22.jpg,0.22448979591836735,3.2147803,2
160,17008-nuenen23.jpg,0.2857142857142857,2.7226028,3
161,17009-nuenen24.jpg,0.1836734693877551,2.1331275,2
162,17010-nuenen25.jpg,0.3673469387755102,3.2693105,4
163,17011-nuenen31.jpg,0.16326530612244897,2.991399,2
164,17012-nuenen32.jpg,0.3469387755102041,3.1946568,3
165,17013-nuenen33.jpg,0.5102040816326531,3.4358325,1
166,17014-nuenen34.jpg,0.3469387755102041,4.1171074,2
167,17015-nuenen35.jpg,0.22448979591836735,3.45168,3
168,17016-nuenen36.jpg,0.5306122448979592,3.2072542,2
169,17017-nuenen37.jpg,0.2653061224489796,3.9562302,4
170,17018-nuenen38.jpg,0.1836734693877551,3.1712792,3
171,17020-nuenen40.jpg,0.4897959183673469,2.9116902,5
172,17021-nuenen41.jpg,0.3469387755102041,2.900684,1
173,17022-antwerp1.jpg,0.3877551020408163,3.4530056,3
174,17023-antwerp2.jpg,0.42857142857142855,3.7524002,1
175,17024-antwerp3.jpg,0.42857142857142855,2.7928798,1
176,17025-antwerp4.jpg,0.4897959183673469,3.5087388,1
177,17026-antwerp5.jpg,0.3469387755102041,3.872223,1
178,17028-flower01.jpg,0.40816326530612246,3.4057348,3
179,17030-flower03.jpg,0.4489795918367347,3.593152,2
180,17031-flower04.jpg,0.5102040816326531,2.7793245,3
181,17032-flower05.jpg,0.40816326530612246,3.7165685,3
182,17033-flower06.jpg,0.3877551020408163,3.516523,3
183,17034-flower07.jpg,0.40816326530612246,3.4656546,1
184,17036-flower09.jpg,0.32653061224489793,3.4011939,3
185,17037-flower10.jpg,0.4489795918367347,3.1484241,2
186,17038-flower11.jpg,0.3877551020408163,4.2407336,2
187,17039-flower12.jpg,0.32653061224489793,3.3754313,1
188,17040-flower13.jpg,0.3469387755102041,3.521029,2
189,17041-flower14.jpg,0.46938775510204084,3.4544132,4
190,17042-still01.jpg,0.4897959183673469,3.5327582,1
191,17043-still02.jpg,0.40816326530612246,3.7140572,2
192,17044-still03.jpg,0.4489795918367347,3.158592,1
193,17045-still04.jpg,0.32653061224489793,3.0468798,3
194,17046-still05.jpg,0.3469387755102041,3.2302954,2
195,17047-still06.jpg,0.42857142857142855,2.3544714,3
196,17048-still07.jpg,0.32653061224489793,3.5320895,1
197,17049-still08.jpg,0.5102040816326531,3.32426,2
198,17050-still09.jpg,0.3877551020408163,3.6360726,2
199,17051-paris01.jpg,0.32653061224489793,3.1193454,2
200,17052-paris02.jpg,0.2653061224489796,2.7766085,2
201,17053-paris03.jpg,0.32653061224489793,3.7706635,3
202,17054-paris04.jpg,0.40816326530612246,3.583462,1
203,17055-paris05.jpg,0.4489795918367347,3.254433,1
204,17056-paris06.jpg,0.3673469387755102,3.698057,4
205,17057-paris07.jpg,0.3877551020408163,3.2403965,3
206,17058-paris08.jpg,0.1836734693877551,4.126215,2
207,17059-paris09.jpg,0.4897959183673469,2.5022938,2
208,17060-paris10.jpg,0.5306122448979592,3.1231751,2
209,17061-paris11.jpg,0.3877551020408163,3.745704,1
210,17062-paris12.jpg,0.32653061224489793,3.4263036,2
211,17063-paris13.jpg,0.3877551020408163,3.5105026,1
212,17064-paris14.jpg,0.40816326530612246,3.59209,1
213,17066-paris16.jpg,0.4897959183673469,3.2360094,2
214,17067-paris17.jpg,0.22448979591836735,2.6311615,3
215,17068-paris18.jpg,0.32653061224489793,3.176715,3
216,17069-paris19.jpg,0.32653061224489793,2.8885806,2
217,17070-paris20.jpg,0.30612244897959184,2.7788467,1
218,17071-paris21.jpg,0.5102040816326531,3.7526188,1
219,17074-paris24.jpg,0.5306122448979592,2.960575,1
220,17075-paris25.jpg,0.08163265306122448,3.9373937,1
221,17076-paris26.jpg,0.5306122448979592,2.9365573,2
222,17078-paris28.jpg,0.4489795918367347,2.8550315,1
223,17080-orchar01.jpg,0.3877551020408163,3.576056,1
224,17081-orchar02.jpg,0.40816326530612246,3.8576038,1
225,17082-orchar03.jpg,0.3877551020408163,3.7821786,4
226,17083-orchar04.jpg,0.32653061224489793,3.4711065,3
227,17084-orchar05.jpg,0.42857142857142855,3.8267078,1
228,17085-orchar06.jpg,0.42857142857142855,4.1142416,2
229,17086-orchar07.jpg,0.24489795918367346,3.2881835,3
230,17087-orchar08.jpg,0.32653061224489793,2.9926052,3
231,17088-orchar09.jpg,0.3877551020408163,3.9718242,2
232,17089-1arles01.jpg,0.3877551020408163,3.0245626,1
233,17091-1arles03.jpg,0.40816326530612246,3.4934409,2
234,17092-1arles04.jpg,0.46938775510204084,3.3875308,1
235,17093-1arles05.jpg,0.10204081632653061,3.8819227,2
236,17095-1arles07.jpg,0.5102040816326531,2.9960377,2
237,17096-1arles08.jpg,0.32653061224489793,3.700187,1
238,17097-1arles09.jpg,0.46938775510204084,3.1077185,1
239,17099-1arles11.jpg,0.3673469387755102,3.2964966,3
240,17100-1arles12.jpg,0.46938775510204084,3.6322691,1
241,17101-2maries1.jpg,0.42857142857142855,3.0683675,1
242,17102-2maries2.jpg,0.3673469387755102,3.6212764,3
243,17103-2maries3.jpg,0.30612244897959184,3.6225696,2
244,17104-2maries4.jpg,0.40816326530612246,3.2115502,2
245,17105-2maries5.jpg,0.3673469387755102,3.2674997,4
246,17106-2maries6.jpg,0.3877551020408163,3.4832177,1
247,17107-3arles21.jpg,0.46938775510204084,3.8537939,3
248,17108-3arles22.jpg,0.2653061224489796,3.7070892,4
249,17109-3arles23.jpg,0.22448979591836735,3.7519593,3
250,17110-3arles24.jpg,0.2653061224489796,3.2258074,2
251,17111-3arles25.jpg,0.3673469387755102,2.8752937,2
252,17112-3arles26.jpg,0.3673469387755102,3.6420467,3
253,17114-3arles28.jpg,0.4897959183673469,3.7448459,3
254,17115-3arles29.jpg,0.2857142857142857,3.5552967,3
255,17116-3arles30.jpg,0.42857142857142855,3.4154332,2
256,17117-3arles31.jpg,0.30612244897959184,3.158695,1
257,17118-3arles32.jpg,0.46938775510204084,3.6466608,2
258,17119-arles41.jpg,0.4897959183673469,3.8054554,3
259,17120-arles42.jpg,0.46938775510204084,3.0454087,2
260,17121-arles43.jpg,0.42857142857142855,3.353076,2
261,17122-arles44.jpg,0.4489795918367347,3.4966571,1
262,17123-arles45.jpg,0.08163265306122448,2.6118293,2
263,17124-arles46.jpg,0.4489795918367347,3.045426,3
264,17125-arles47.jpg,0.3877551020408163,3.613249,4
265,17126-arles48.jpg,0.30612244897959184,3.095824,2
266,17127-arles49.jpg,0.3469387755102041,3.51367,2
267,17128-arles50.jpg,0.4897959183673469,3.0372066,1
268,17129-arles51.jpg,0.46938775510204084,3.6151505,4
269,17130-arles52.jpg,0.1836734693877551,3.5817802,2
270,17131-arles53.jpg,0.40816326530612246,3.5659418,2
271,17132-arles54.jpg,0.32653061224489793,3.4010184,4
272,17133-arles55.jpg,0.3877551020408163,3.5729067,2
273,17134-arles56.jpg,0.42857142857142855,3.357156,3
274,17135-arles57.jpg,0.40816326530612246,3.3137972,4
275,17136-arles58.jpg,0.32653061224489793,3.050478,2
276,17137-arles59.jpg,0.4489795918367347,3.65646,2
277,17138-arles60.jpg,0.4489795918367347,3.8897762,3
278,17139-arles61.jpg,0.3877551020408163,3.3050354,1
279,17140-arles62.jpg,0.2653061224489796,3.8913996,2
280,17143-arles65.jpg,0.32653061224489793,2.880032,4
281,17144-arles66.jpg,0.2857142857142857,3.896516,5
282,17145-arles67.jpg,0.12244897959183673,3.7507892,2
283,17146-arles68.jpg,0.24489795918367346,3.3944466,2
284,17147-arles69.jpg,0.46938775510204084,3.7280447,1
285,17148-arles70.jpg,0.40816326530612246,3.1386843,4
286,17149-portra01.jpg,0.4489795918367347,3.7950518,3
287,17150-portra02.jpg,0.24489795918367346,4.0464396,1
288,17151-portra03.jpg,0.5102040816326531,3.1180515,4
289,17152-portra04.jpg,0.24489795918367346,3.391013,3
290,17153-portra05.jpg,0.40816326530612246,3.6619184,2
291,17154-portra06.jpg,0.08163265306122448,3.1622777,4
292,17155-portra07.jpg,0.3469387755102041,3.5696328,1
293,17156-portra08.jpg,0.5306122448979592,2.2573035,2
294,17157-portra09.jpg,0.3673469387755102,2.7637992,4
295,17158-portra10.jpg,0.5102040816326531,3.5869386,3
296,17159-portra11.jpg,0.4897959183673469,3.3481908,2
297,17160-portra12.jpg,0.4897959183673469,2.205718,4
298,17161-portra13.jpg,0.4489795918367347,3.0333562,1
299,17162-portra14.jpg,0.3469387755102041,3.1195412,4
300,17163-portra15.jpg,0.5102040816326531,3.3013322,1
301,17164-portra16.jpg,0.10204081632653061,3.8280773,3
302,17165-portra17.jpg,0.32653061224489793,3.1883376,3
303,17166-portra18.jpg,0.3673469387755102,3.1551163,3
304,17167-portra19.jpg,0.42857142857142855,3.2304077,2
305,17168-1asylu01.jpg,0.22448979591836735,3.7987053,4
306,17169-1asylu02.jpg,0.2857142857142857,3.0464187,2
307,17170-1asylu03.jpg,0.16326530612244897,3.8846757,4
308,17171-1asylu04.jpg,0.32653061224489793,3.7085867,2
309,17173-1asylu06.jpg,0.2857142857142857,3.6805296,4
310,17174-1asylu07.jpg,0.30612244897959184,3.398284,3
311,17175-1asylu08.jpg,0.16326530612244897,3.43648,4
312,17176-1asylu09.jpg,0.30612244897959184,3.5581825,2
313,17177-1asylu10.jpg,0.10204081632653061,3.84288,2
314,17178-2enclos1.jpg,0.2857142857142857,2.9939218,2
315,17180-2enclos3.jpg,0.32653061224489793,3.4827516,3
316,17181-2enclos4.jpg,0.22448979591836735,3.1962788,5
317,17183-2enclos6.jpg,0.2857142857142857,3.774783,2
318,17185-2enclos8.jpg,0.2653061224489796,3.6886466,2
319,17186-3enviro1.jpg,0.30612244897959184,3.059208,4
320,17187-3enviro2.jpg,0.3877551020408163,3.3205023,2
321,17188-3enviro3.jpg,0.10204081632653061,3.2575083,4
322,17190-cypres01.jpg,0.16326530612244897,3.8432136,3
323,17192-cypres03.jpg,0.2653061224489796,3.5765705,5
324,17193-cypres04.jpg,0.24489795918367346,3.8144348,3
325,17194-cypres05.jpg,0.30612244897959184,3.2863526,3
326,17195-cypres06.jpg,0.22448979591836735,2.665919,2
327,17196-cypres07.jpg,0.08163265306122448,3.6907728,1
328,17197-cypres08.jpg,0.46938775510204084,2.8701937,1
329,17198-cypres09.jpg,0.2857142857142857,3.646272,1
330,17199-olive01.jpg,0.5714285714285714,3.3096147,3
331,17200-olive02.jpg,0.2653061224489796,3.3671737,3
332,17201-olive03.jpg,0.16326530612244897,4.0853624,5
333,17202-olive04.jpg,0.14285714285714285,3.7682087,5
334,17203-olive05.jpg,0.3877551020408163,3.57069,1
335,17204-olive06.jpg,0.3469387755102041,3.7473717,3
336,17205-olive07.jpg,0.12244897959183673,4.2426405,3
337,17206-olive08.jpg,0.2857142857142857,3.7968974,4
338,17208-olive10.jpg,0.22448979591836735,3.7483122,4
339,17209-copies01.jpg,0.22448979591836735,3.901215,2
340,17210-copies02.jpg,0.4489795918367347,3.8031204,2
341,17211-copies03.jpg,0.20408163265306123,3.800676,2
342,17212-copies04.jpg,0.40816326530612246,3.765503,1
343,17213-copies05.jpg,0.3673469387755102,3.864208,2
344,17214-copies06.jpg,0.22448979591836735,3.7454696,6
345,17215-copies07.jpg,0.3469387755102041,3.896516,3
346,17216-copies08.jpg,0.30612244897959184,3.0768628,3
347,17217-copies09.jpg,0.3673469387755102,3.6827962,5
348,17218-copies10.jpg,0.16326530612244897,3.6563156,1
349,17220-copies12.jpg,0.3877551020408163,3.0072641,2
350,17221-copies13.jpg,0.08163265306122448,3.248242,2
351,17222-copies14.jpg,0.24489795918367346,3.3829193,1
352,17223-copies15.jpg,0.46938775510204084,3.082367,3
353,17225-copies17.jpg,0.3469387755102041,3.3345113,5
354,17226-copies18.jpg,0.3877551020408163,3.9423587,1
355,17227-copies19.jpg,0.32653061224489793,3.4830792,3
356,17228-copies20.jpg,0.3877551020408163,3.4278178,2
357,17229-copies21.jpg,0.40816326530612246,3.5424125,1
358,17230-4earlie1.jpg,0.3469387755102041,3.8994968,3
359,17231-4earlie2.jpg,0.3469387755102041,3.1587822,1
360,17232-4earlie3.jpg,0.20408163265306123,3.8792899,1
361,17233-5portra1.jpg,0.30612244897959184,3.3913689,2
362,17234-5portra2.jpg,0.5102040816326531,2.9844127,1
363,17235-5portra3.jpg,0.40816326530612246,3.8445468,3
364,17236-5portra4.jpg,0.2857142857142857,4.0246763,2
365,17238-6still1.jpg,0.32653061224489793,3.55408,4
366,17239-6still2.jpg,0.40816326530612246,3.3856616,3
367,17240-6still3.jpg,0.5510204081632653,3.4487877,1
368,17241-auvers01.jpg,0.32653061224489793,3.3420622,4
369,17242-auvers02.jpg,0.2857142857142857,3.8004336,2
370,17243-auvers03.jpg,0.4897959183673469,3.6094744,1
371,17244-auvers04.jpg,0.3469387755102041,3.5645046,5
372,17245-auvers05.jpg,0.3877551020408163,3.9495847,2
373,17247-auvers07.jpg,0.30612244897959184,3.38241,4
374,17248-auvers08.jpg,0.3877551020408163,3.7271874,3
375,17250-auvers10.jpg,0.5306122448979592,3.0419056,3
376,17251-auvers11.jpg,0.5306122448979592,3.4967012,3
377,17252-auvers12.jpg,0.30612244897959184,3.86959,4
378,17253-auvers13.jpg,0.20408163265306123,3.3624215,3
379,17254-auvers14.jpg,0.30612244897959184,3.765808,4
380,17255-auvers15.jpg,0.08163265306122448,4.2426405,3
381,17256-auvers16.jpg,0.4897959183673469,3.5010548,1
382,17257-auvers17.jpg,0.3673469387755102,2.8074558,1
383,17259-auvers19.jpg,0.42857142857142855,3.2721043,3
384,17261-auvers21.jpg,0.3877551020408163,3.1792438,3
385,17262-auvers22.jpg,0.30612244897959184,2.8578346,2
386,17263-auvers23.jpg,0.3673469387755102,3.0005136,2
387,17264-auvers24.jpg,0.2653061224489796,3.6080484,6
388,17265-auvers25.jpg,0.16326530612244897,3.1622777,2
389,17266-auvers26.jpg,0.3673469387755102,3.4430366,2
390,17267-auvers27.jpg,0.24489795918367346,3.1537158,3
391,17268-auvers28.jpg,0.5306122448979592,3.231904,1
392,17269-auvers29.jpg,0.4489795918367347,3.2157078,5
393,17270-auvers30.jpg,0.32653061224489793,4.3290343,4
394,17272-auvers32.jpg,0.3673469387755102,3.7039914,1
395,17273-auvers33.jpg,0.3673469387755102,3.2924118,1
396,17274-selfpo01.jpg,0.3673469387755102,2.9303012,1
397,17275-selfpo02.jpg,0.3877551020408163,3.123236,1
398,17276-selfpo03.jpg,0.32653061224489793,3.45199,3
399,17277-selfpo04.jpg,0.4897959183673469,2.3703904,1
400,17278-selfpo05.jpg,0.4489795918367347,3.4377122,1
401,17279-selfpo06.jpg,0.3673469387755102,3.4168723,1
402,17280-selfpo07.jpg,0.4897959183673469,3.7893875,1
403,17281-selfpo08.jpg,0.3673469387755102,3.2378223,1
404,17282-selfpo09.jpg,0.46938775510204084,2.6374462,1
405,17283-selfpo10.jpg,0.4489795918367347,3.2434516,2
406,17286-selfpo13.jpg,0.42857142857142855,2.8279338,2
407,17287-selfpo14.jpg,0.2857142857142857,3.7026107,2
408,17289-selfpo16.jpg,0.42857142857142855,3.7337196,1
409,17290-selfpo17.jpg,0.3469387755102041,3.3445885,2
410,17291-selfpo18.jpg,0.46938775510204084,2.9543848,2
411,17292-selfpo19.jpg,0.3673469387755102,3.3519068,1
412,17293-selfpo20.jpg,0.46938775510204084,3.0254753,3
413,17294-selfpo21.jpg,0.4489795918367347,2.749135,3
414,17295-selfpo22.jpg,0.3673469387755102,2.9627542,2
415,17296-selfpo23.jpg,0.4489795918367347,3.3905263,2
416,17297-selfpo24.jpg,0.3673469387755102,2.7073205,1
417,17298-selfpo25.jpg,0.30612244897959184,3.564055,2
418,17301-selfpo28.jpg,0.42857142857142855,2.8131058,1
419,17302-selfpo29.jpg,0.42857142857142855,3.5103996,2
420,17303-selfpo30.jpg,0.5306122448979592,2.957783,3
421,17304-selfpo31.jpg,0.42857142857142855,2.9116426,3
422,17305-selfpo32.jpg,0.3877551020408163,3.1622777,5
423,17306-selfpo33.jpg,0.3877551020408163,3.6612008,2
424,17307-selfpo34.jpg,0.3673469387755102,3.7948112,1
425,17308-selfpo35.jpg,0.4489795918367347,2.592373,1
426,23797-1early03.jpg,0.22448979591836735,3.5541508,4
427,23798-2spanis1.jpg,0.30612244897959184,3.514017,3
428,23799-2spanis2.jpg,0.42857142857142855,3.1612558,1
429,23801-2spanis4.jpg,0.3877551020408163,3.4719956,1
430,23803-2spanis6.jpg,0.40816326530612246,3.5433116,2
431,23806-3early1.jpg,0.42857142857142855,3.4585288,1
432,23809-3early4.jpg,0.40816326530612246,3.4001572,3
433,23810-3early5.jpg,0.22448979591836735,3.7958105,4
434,23813-5dejeun1.jpg,0.30612244897959184,3.52132,2
435,23815-6stilli1.jpg,0.46938775510204084,3.439968,4
436,23816-6stilli2.jpg,0.5306122448979592,2.7404156,1
437,23818-6stilli4.jpg,0.2857142857142857,3.2779984,1
438,23822-2manet01.jpg,0.40816326530612246,3.341919,2
439,23823-2manet02.jpg,0.3877551020408163,2.4263515,2
440,23824-2manet03.jpg,0.3877551020408163,3.134487,2
441,23828-2manet07.jpg,0.2653061224489796,3.6990542,1
442,23829-2manet08.jpg,0.42857142857142855,3.2808843,2
443,23834-2manet13.jpg,0.2857142857142857,3.9867585,3
444,23836-2manet15.jpg,0.30612244897959184,3.486145,4
445,23837-2manet16.jpg,0.3673469387755102,3.1762447,3
446,23839-2manet18.jpg,0.5714285714285714,3.360201,2
447,23842-3manet01.jpg,0.5102040816326531,3.7251456,1
448,23843-3manet02.jpg,0.3469387755102041,3.5024278,2
449,23844-3manet03.jpg,0.5102040816326531,3.0964055,1
450,23847-3manet06.jpg,0.4489795918367347,3.7472131,1
451,23848-3manet07.jpg,0.4489795918367347,2.8532782,2
452,23849-3manet08.jpg,0.4489795918367347,3.125359,2
453,23850-3manet09.jpg,0.42857142857142855,3.4265609,2
454,23852-3manet11.jpg,0.4489795918367347,3.4336977,1
455,23853-3manet12.jpg,0.4897959183673469,2.6325,3
456,23854-3manet13.jpg,0.5510204081632653,3.4484887,2
457,23855-3manet14.jpg,0.3877551020408163,3.0397127,2
458,23856-3manet15.jpg,0.5510204081632653,3.9416952,1
459,23858-3manet17.jpg,0.40816326530612246,3.151837,1
460,23861-3manet20.jpg,0.5306122448979592,3.2543514,1
461,23863-4manet01.jpg,0.46938775510204084,2.7681267,2
462,23864-4manet02.jpg,0.46938775510204084,2.6053078,3
463,23865-4manet03.jpg,0.3673469387755102,2.9149024,1
464,23868-4manet06.jpg,0.4489795918367347,2.6565928,1
465,23869-4manet07.jpg,0.32653061224489793,3.65174,4
466,23870-4manet08.jpg,0.4489795918367347,3.1616106,3
467,23874-4manet12.jpg,0.2857142857142857,3.8382719,4
468,23875-4manet13.jpg,0.4489795918367347,3.1930113,1
469,23876-4manet14.jpg,0.32653061224489793,3.6205468,1
470,23877-4manet15.jpg,0.3469387755102041,3.2868516,1
471,23878-4manet16.jpg,0.32653061224489793,3.403925,2
472,23879-4manet17.jpg,0.2653061224489796,3.6116004,1
473,23881-4manet19.jpg,0.3469387755102041,3.3433936,1
474,23882-5late01.jpg,0.4489795918367347,2.7350585,2
475,23886-5late05.jpg,0.40816326530612246,2.657053,2
476,23887-5late06.jpg,0.4489795918367347,3.074307,3
477,23888-5late07.jpg,0.3469387755102041,3.3651977,2
478,23889-5late08.jpg,0.30612244897959184,3.1204665,1
479,23890-5late09.jpg,0.22448979591836735,3.894002,3
480,23892-5late11.jpg,0.5102040816326531,3.4308386,3
481,23895-5late14.jpg,0.46938775510204084,3.4350653,2
482,23897-5late16.jpg,0.40816326530612246,3.1695602,1
483,26517-0doniton.jpg,0.4489795918367347,3.5369608,1
484,26518-1doniton.jpg,0.4489795918367347,3.0626116,3
485,26519-1donitop.jpg,0.3877551020408163,3.661061,3
486,26521-1virgin.jpg,0.40816326530612246,3.6046119,4
487,26522-2entombm.jpg,0.4489795918367347,2.6158316,1
488,26523-2leda.jpg,0.42857142857142855,3.8053706,2
489,26524-3paolina.jpg,0.40816326530612246,3.1320615,3
490,26525-4paul1.jpg,0.5306122448979592,2.782348,2
491,26530-5peter.jpg,0.3673469387755102,3.6264477,1
492,26537-00_0bay0.jpg,0.4897959183673469,2.7200801,2
493,26538-01_0bay1.jpg,0.4489795918367347,2.2685742,2
494,26539-02_0bay2.jpg,0.5714285714285714,2.6934204,3
495,26540-03_0bay3.jpg,0.5510204081632653,3.3032217,1
496,26541-04_0bay4.jpg,0.5102040816326531,3.1234124,2
497,26542-05_0bay5.jpg,0.5510204081632653,3.0374107,2
498,26543-06_0bay6.jpg,0.5102040816326531,2.4255385,3
499,26544-07_0bay7.jpg,0.40816326530612246,2.489066,1
500,26545-08_0bay8.jpg,0.5102040816326531,3.4755821,1
501,26546-09_0bay9.jpg,0.5306122448979592,3.101303,2
502,26547-10_0baya.jpg,0.42857142857142855,2.3353405,2
503,26548-1chapel.jpg,0.2653061224489796,3.7365887,3
504,26549-1chapel1.jpg,0.2653061224489796,3.6609235,3
505,26550-1chapel2.jpg,0.4489795918367347,2.2631414,1
506,26553-01_2ce1f.jpg,0.5102040816326531,2.2379186,2
507,26554-01_3ce1.jpg,0.3877551020408163,3.9762037,4
508,26558-02_3ce2.jpg,0.46938775510204084,3.0900502,1
509,26562-03_2ce3f.jpg,0.40816326530612246,2.477549,2
510,26563-03_3ce3.jpg,0.5102040816326531,2.3435562,3
511,26567-04_3ce4.jpg,0.4489795918367347,2.9564095,3
512,26568-04_3ce4a.jpg,0.40816326530612246,3.5478632,1
513,26570-04_3ce4c.jpg,0.3877551020408163,3.0151637,3
514,26580-05_2ce5f.jpg,0.5510204081632653,3.6378582,2
515,26581-05_3ce5.jpg,0.4489795918367347,3.379565,2
516,26584-06_3ce6.jpg,0.42857142857142855,2.8566256,1
517,26590-07_2ce7f.jpg,0.4489795918367347,3.794692,4
518,26591-07_3ce7.jpg,0.40816326530612246,3.269975,3
519,26593-08_3ce8.jpg,0.5714285714285714,3.3192084,4
520,26598-09_2ce9f.jpg,0.5102040816326531,2.9132557,1
521,26599-09_3ce9.jpg,0.5306122448979592,2.356538,1
522,26602-2ceil_vf.jpg,0.40816326530612246,3.1378667,2
523,26603-01_4se.jpg,0.4897959183673469,3.176649,1
524,26604-01_4sw.jpg,0.4489795918367347,3.4412787,5
525,26608-01_5nw.jpg,0.5510204081632653,3.5533493,1
526,26610-03_4se.jpg,0.4489795918367347,2.411351,2
527,26611-03_4sw.jpg,0.5102040816326531,3.3150213,1
528,26612-03_5ne.jpg,0.4897959183673469,3.0873108,2
529,26613-03_5nw.jpg,0.3877551020408163,3.1814198,2
530,26614-05_4se.jpg,0.4897959183673469,2.3457122,2
531,26615-05_4sw.jpg,0.5102040816326531,3.420362,2
532,26616-05_5ne.jpg,0.3877551020408163,3.512958,2
533,26617-05_5nw.jpg,0.5102040816326531,2.783674,2
534,26618-07_4se.jpg,0.5510204081632653,3.5623488,3
535,26620-07_5ne.jpg,0.5510204081632653,2.801026,2
536,26622-09_4se.jpg,0.46938775510204084,2.971089,4
537,26623-09_4sw.jpg,0.5306122448979592,2.7806008,1
538,26624-09_5ne.jpg,0.5306122448979592,2.8560593,2
539,26625-09_5nw.jpg,0.4489795918367347,3.5578697,2
540,26626-3ceil_ho.jpg,0.4897959183673469,2.3068926,1
541,26627-00_3pr1.jpg,0.5102040816326531,2.2745745,1
542,26631-01_1pr2.jpg,0.42857142857142855,3.3367896,3
543,26635-03_7pr3.jpg,0.5510204081632653,3.6553862,2
544,26638-05_1pr4.jpg,0.3673469387755102,2.9800947,4
545,26641-07_7pr5.jpg,0.42857142857142855,2.7077065,2
546,26644-09_1pr6.jpg,0.46938775510204084,2.7713406,3
547,26648-10_3pr7.jpg,0.46938775510204084,2.802856,1
548,26655-4lunette.jpg,0.46938775510204084,3.1722453,4
549,26656-01_7si1.jpg,0.4897959183673469,2.9563563,2
550,26659-03_1si2.jpg,0.3673469387755102,2.9313867,4
551,26661-03_1si2b.jpg,0.24489795918367346,3.3764992,3
552,26663-05_6si3.jpg,0.4489795918367347,3.034894,2
553,26665-07_1si4.jpg,0.4897959183673469,2.8782017,2
554,26666-09_7si5.jpg,0.5510204081632653,2.352713,3
555,26668-4wall.jpg,0.46938775510204084,3.3811617,1
556,26669-5outside.jpg,0.40816326530612246,3.0651762,1
557,26671-00_1pe1.jpg,0.5306122448979592,2.789456,1
558,26674-00_2bn1.jpg,0.4489795918367347,2.760013,2
559,26675-00_4pe2.jpg,0.42857142857142855,3.1443017,1
560,26678-00_5bn2.jpg,0.4897959183673469,3.5365489,1
561,26679-10_1pe3.jpg,0.5102040816326531,2.3291633,2
562,26682-10_2bn3.jpg,0.40816326530612246,3.283376,2
563,26683-10_4pe4.jpg,0.5102040816326531,2.3540282,1
564,26684-10_4pe41.jpg,0.40816326530612246,3.2746558,5
565,26687-10_5bn4.jpg,0.4897959183673469,3.2052798,1
566,26688-lu01ele.jpg,0.46938775510204084,2.0408132,2
567,26697-lu03ach.jpg,0.5918367346938775,3.1451743,2
568,26703-lu05zer.jpg,0.46938775510204084,3.0983593,1
569,26706-lu06jos.jpg,0.3469387755102041,3.5667927,1
570,26709-lu07hez.jpg,0.46938775510204084,3.249271,1
571,26713-lu08ozi.jpg,0.42857142857142855,3.1340394,2
572,26716-lu09asa.jpg,0.46938775510204084,2.552642,2
573,26722-lu11ies.jpg,0.46938775510204084,3.3931875,1
574,26725-lu12sal.jpg,0.42857142857142855,2.7053883,1
575,26729-lu13naa.jpg,0.4897959183673469,2.7960916,1
576,26732-lu14ami.jpg,0.5102040816326531,2.194711,2
577,26739-02_2sp1.jpg,0.40816326530612246,3.7261581,2
578,26740-02_4sp2f.jpg,0.46938775510204084,2.738918,1
579,26741-02_5sp2.jpg,0.5102040816326531,3.1046627,1
580,26742-04_1sp3f.jpg,0.5510204081632653,3.0909905,1
581,26744-04_4sp4f.jpg,0.46938775510204084,3.5035703,2
582,26745-04_5sp4.jpg,0.5306122448979592,2.8340268,2
583,26748-06_4sp6f.jpg,0.40816326530612246,2.446938,1
584,26749-08_1sp7f.jpg,0.46938775510204084,2.9173014,2
585,26750-08_2sp7.jpg,0.4489795918367347,3.1046927,2
586,26752-08_4sp8f.jpg,0.42857142857142855,3.1169693,1
587,26754-01_61mn.jpg,0.46938775510204084,2.9266956,2
588,26755-01_61ms.jpg,0.3673469387755102,3.5442698,4
589,26757-03_62mn.jpg,0.4897959183673469,2.634544,2
590,26758-05_61ms.jpg,0.3673469387755102,2.899297,3
591,26759-05_62mn.jpg,0.4897959183673469,3.639838,2
592,26760-07_61ms.jpg,0.2857142857142857,3.6047137,3
593,26761-07_62mn.jpg,0.30612244897959184,4.10917,3
594,26763-09_62mn.jpg,0.4489795918367347,3.141489,3
595,26764-00lastju.jpg,0.40816326530612246,3.401949,1
596,26765-0lastjud.jpg,0.42857142857142855,3.4164684,1
597,26766-1lastjud.jpg,0.4897959183673469,3.315326,2
598,26768-3lastjud.jpg,0.30612244897959184,3.8590348,3
599,28495-early04.jpg,0.3877551020408163,3.1970139,1
600,28496-early05.jpg,0.3469387755102041,3.497949,1
601,28497-early06.jpg,0.3673469387755102,2.9891548,1
602,28498-early07.jpg,0.4897959183673469,2.713899,1
603,28499-early08.jpg,0.5102040816326531,3.0852253,2
604,28500-early09.jpg,0.40816326530612246,2.9758437,2
605,28502-early11.jpg,0.2857142857142857,3.3312607,1
606,28503-early12.jpg,0.40816326530612246,3.2666028,1
607,28504-early13.jpg,0.3469387755102041,3.2755811,1
608,28505-early14.jpg,0.40816326530612246,3.371903,1
609,28506-early15.jpg,0.5102040816326531,3.1758304,1
610,28507-early16.jpg,0.42857142857142855,3.8943856,1
611,28508-early17.jpg,0.4897959183673469,3.3347611,1
612,28510-early19.jpg,0.4897959183673469,3.870555,1
613,28512-early21.jpg,0.3673469387755102,3.4658914,3
614,28513-early22.jpg,0.4489795918367347,3.5642862,1
615,28514-early23.jpg,0.5102040816326531,2.8395917,1
616,28518-1vario01.jpg,0.40816326530612246,3.1334245,1
617,28519-1vario02.jpg,0.2857142857142857,3.6252048,1
618,28522-1vario05.jpg,0.42857142857142855,2.7066782,1
619,28534-3variou3.jpg,0.4489795918367347,3.6477745,1
620,28535-3variou4.jpg,0.3877551020408163,3.4081392,1
621,28536-4zaanda1.jpg,0.4897959183673469,3.0073142,1
622,28537-4zaanda2.jpg,0.3877551020408163,3.531475,1
623,28539-0impress.jpg,0.061224489795918366,4.2426405,2
624,28540-argent01.jpg,0.42857142857142855,3.2469628,1
625,28542-argent03.jpg,0.42857142857142855,3.6221752,1
626,28543-argent04.jpg,0.46938775510204084,2.7351294,1
627,28545-argent051.jpg,0.4489795918367347,3.614017,1
628,28546-argent06.jpg,0.46938775510204084,3.4369764,1
629,28549-argent09.jpg,0.4897959183673469,3.1705675,3
630,28550-argent10.jpg,0.5102040816326531,2.456727,1
631,28551-argent11.jpg,0.40816326530612246,2.9549546,1
632,28552-argent12.jpg,0.3673469387755102,3.7467487,2
633,28554-argent14.jpg,0.4897959183673469,3.0511148,1
634,28557-argent17.jpg,0.3877551020408163,3.45981,1
635,28559-other1.jpg,0.40816326530612246,3.0069628,1
636,28560-other2.jpg,0.4489795918367347,3.260631,3
637,28570-1argen5.jpg,0.3877551020408163,2.8852386,2
638,28572-1argen7.jpg,0.40816326530612246,3.4661129,1
639,28573-1argen8.jpg,0.3877551020408163,2.5135694,1
640,28575-2montge1.jpg,0.40816326530612246,3.6019647,1
641,28576-2montge2.jpg,0.46938775510204084,2.903928,1
642,28577-2montge3.jpg,0.4897959183673469,3.2265322,1
643,28580-lazare2.jpg,0.4489795918367347,3.0989237,1
644,28581-lazare3.jpg,0.4489795918367347,2.8850677,1
645,28582-lazare4.jpg,0.5102040816326531,2.9140103,1
646,28583-lazare5.jpg,0.4897959183673469,3.5940044,1
647,28586-paris3.jpg,0.40816326530612246,3.3613086,1
648,28587-paris4.jpg,0.2857142857142857,3.2231455,2
649,28589-1vethe1.jpg,0.30612244897959184,3.986525,1
650,28593-1vethe5.jpg,0.3469387755102041,3.2313442,1
651,28594-1vethe6.jpg,0.3877551020408163,2.8253422,1
652,28597-2vario03.jpg,0.22448979591836735,3.4838274,4
653,28600-2vario06.jpg,0.4489795918367347,2.4461627,1
654,28605-2vario11.jpg,0.32653061224489793,3.7543585,1
655,28608-1north2.jpg,0.3877551020408163,2.5488806,2
656,28609-1north3.jpg,0.46938775510204084,2.608541,1
657,28610-2pourvi1.jpg,0.4489795918367347,3.0110972,1
658,28612-3etreta1.jpg,0.4897959183673469,3.3629098,1
659,28613-3etreta2.jpg,0.5714285714285714,2.6796355,2
660,28614-3etreta3.jpg,0.4489795918367347,2.7661693,2
661,28619-3etreta8.jpg,0.4489795918367347,2.995353,1
662,28620-4bordig1.jpg,0.5510204081632653,3.0255723,2
663,28621-4bordig2.jpg,0.4489795918367347,3.598763,2
664,28622-4bordig3.jpg,0.40816326530612246,3.733593,1
665,28625-6poppy.jpg,0.42857142857142855,2.8813026,1
666,28627-1vario02.jpg,0.3877551020408163,3.1515167,1
667,28628-1vario03.jpg,0.46938775510204084,2.6432216,1
668,28634-1vario09.jpg,0.42857142857142855,2.2028296,2
669,28643-1vario18.jpg,0.5102040816326531,2.8912008,1
670,28644-3poplar1.jpg,0.46938775510204084,3.986126,1
671,28645-3poplar2.jpg,0.5510204081632653,2.924681,2
672,28646-3poplar3.jpg,0.5306122448979592,2.7128158,1
673,28649-4stacks1.jpg,0.4489795918367347,2.750433,1
674,28652-4stacks4.jpg,0.40816326530612246,3.5427568,2
675,28656-5cathed1.jpg,0.4489795918367347,3.1073895,1
676,28658-5cathed3.jpg,0.46938775510204084,3.1033263,2
677,28659-7floes1.jpg,0.5102040816326531,3.6844811,1
678,28664-1london2.jpg,0.46938775510204084,2.5995455,1
679,28666-1london4.jpg,0.20408163265306123,3.8140514,3
680,28667-2venice1.jpg,0.42857142857142855,3.2847307,2
681,28668-2venice2.jpg,0.5102040816326531,3.4114664,1
682,28671-2venice5.jpg,0.4489795918367347,3.2541723,1
683,28674-3bridge3.jpg,0.5510204081632653,3.5239863,1
684,28675-3bridge4.jpg,0.42857142857142855,2.7466483,3
685,28677-6irises1.jpg,0.5714285714285714,2.9392776,1
686,28679-7liliy01.jpg,0.4897959183673469,3.3224037,1
687,28681-7liliy03.jpg,0.40816326530612246,3.2324076,3
688,28682-7liliy04.jpg,0.5510204081632653,1.9424311,2
689,28683-7liliy05.jpg,0.32653061224489793,3.5064888,2
690,28686-7liliy08.jpg,0.4897959183673469,2.7183566,1
691,32751-00creati.jpg,0.46938775510204084,3.3519237,2
692,32752-01sebast.jpg,0.3673469387755102,3.9617803,3
693,32754-02baron0.jpg,0.2653061224489796,3.110667,2
694,32755-02baron1.jpg,0.2653061224489796,3.378491,2
695,32756-02baron2.jpg,0.4489795918367347,2.9435318,3
696,32757-02madonn.jpg,0.2653061224489796,2.8615146,2
697,32758-02solly.jpg,0.32653061224489793,3.7058544,3
698,32759-03citta.jpg,0.22448979591836735,3.976391,3
699,32760-04oddi.jpg,0.40816326530612246,3.2782326,1
700,32765-04oddi1.jpg,0.32653061224489793,3.8154843,3
701,32766-04oddi2.jpg,0.40816326530612246,3.6997595,1
702,32767-04oddi3.jpg,0.4489795918367347,3.4000666,1
703,32768-05portra.jpg,0.42857142857142855,2.9557056,1
704,32769-061gonza.jpg,0.14285714285714285,3.1571996,3
705,32770-06diotal.jpg,0.2653061224489796,3.9543378,2
706,32771-06madonn.jpg,0.2653061224489796,2.8827553,1
707,32772-07colonn.jpg,0.16326530612244897,4.079244,5
708,32773-08bembo.jpg,0.2653061224489796,3.2514842,2
709,32775-09portra.jpg,0.2653061224489796,2.9882715,5
710,32776-10spozal.jpg,0.4489795918367347,3.4757855,1
711,32779-21graces.jpg,0.12244897959183673,3.1622777,3
712,32780-21knight.jpg,0.40816326530612246,3.4986653,1
713,32781-22grand.jpg,0.3877551020408163,3.7178578,2
714,32782-22grandu.jpg,0.3469387755102041,3.4409282,3
715,32784-24connes.jpg,0.24489795918367346,3.8914511,3
716,32785-24cowper.jpg,0.08163265306122448,3.6652708,2
717,32786-25drago1.jpg,0.20408163265306123,3.3889613,1
718,32787-25drago2.jpg,0.14285714285714285,3.772492,1
719,32788-25drago3.jpg,0.10204081632653061,3.153868,2
720,32789-26apple.jpg,0.40816326530612246,3.7237854,3
721,32790-26terran.jpg,0.32653061224489793,3.052993,1
722,32791-27gravid.jpg,0.3469387755102041,3.2386844,3
723,32792-28unicor.jpg,0.14285714285714285,2.3505206,2
724,32793-29christ.jpg,0.16326530612244897,3.7039347,2
725,32794-30selfpo.jpg,0.30612244897959184,3.3312213,3
726,32795-31doni1.jpg,0.3469387755102041,2.9258113,3
727,32796-31doni2.jpg,0.24489795918367346,3.456464,1
728,32797-32prato.jpg,0.3469387755102041,3.4782782,2
729,32799-33carde.jpg,0.20408163265306123,3.8290334,3
730,32800-33cardel.jpg,0.10204081632653061,3.1622777,4
731,32801-34ardin.jpg,0.08163265306122448,3.3570852,3
732,32802-34bridge.jpg,0.32653061224489793,3.6515503,3
733,32803-35canig.jpg,0.14285714285714285,3.713767,2
734,32804-35canig1.jpg,0.14285714285714285,3.987129,1
735,32807-36lamuta.jpg,0.3877551020408163,2.846989,2
736,32808-36montef.jpg,0.46938775510204084,3.1629589,3
737,32809-37baldac.jpg,0.32653061224489793,3.7170796,3
738,32811-38lamb.jpg,0.30612244897959184,3.8979225,5
739,32812-39cowper.jpg,0.10204081632653061,2.25061,2
740,32813-40tempi.jpg,0.3877551020408163,3.657129,4
741,32815-41cather.jpg,0.32653061224489793,3.7282102,2
742,32816-42ester.jpg,0.2857142857142857,3.2013104,5
743,32818-31anside.jpg,0.3673469387755102,3.6062775,4
744,32819-32beardl.jpg,0.3673469387755102,3.272167,1
745,32820-37entom.jpg,0.20408163265306123,3.48668,2
746,32824-37entom3.jpg,0.0,,0
747,32826-0segnat.jpg,0.10204081632653061,3.661702,1
748,32827-0segnati.jpg,0.14285714285714285,3.3033006,2
749,32828-0segnatu.jpg,0.16326530612244897,3.6567075,2
750,32829-athens.jpg,0.2653061224489796,3.659576,2
751,32842-00disput.jpg,0.32653061224489793,3.976282,3
752,32858-parnas.jpg,0.5102040816326531,3.5803287,4
753,32859-parnass.jpg,0.4897959183673469,2.6663244,1
754,32871-4virtue.jpg,0.3877551020408163,3.2925153,3
755,32872-4virtue1.jpg,0.3673469387755102,4.0211205,2
756,32873-4virtue2.jpg,0.3877551020408163,3.748778,1
757,32874-5justin.jpg,0.2857142857142857,3.5388618,2
758,32876-6gregor.jpg,0.24489795918367346,4.0537906,2
759,32879-0ceilinh.jpg,0.12244897959183673,3.377004,2
760,32880-1tondo1.jpg,0.061224489795918366,3.1622777,1
761,32881-1tondo2.jpg,0.061224489795918366,3.9528584,1
762,32882-1tondo3.jpg,0.08163265306122448,3.6228902,2
763,32883-1tondo4.jpg,0.14285714285714285,3.8537629,2
764,32884-2panel1.jpg,0.3877551020408163,3.0432224,1
765,32885-2panel2.jpg,0.40816326530612246,3.6096542,2
766,32886-2panel3.jpg,0.20408163265306123,3.5714204,3
767,32887-2panel4.jpg,0.2653061224489796,3.3030505,3
768,32888-0eliodo.jpg,0.30612244897959184,3.3375366,2
769,32889-0eliodop.jpg,0.1836734693877551,3.3313365,1
770,32890-0eliodor.jpg,0.2857142857142857,2.9534528,4
771,32891-1expuls.jpg,0.2857142857142857,3.956192,2
772,32892-1expuls1.jpg,0.24489795918367346,3.8224628,3
773,32895-2bolsen.jpg,0.32653061224489793,3.6277282,4
774,32901-3libera.jpg,0.46938775510204084,3.4773793,2
775,32906-4meetin.jpg,0.4897959183673469,3.370047,2
776,32907-5ceilin.jpg,0.22448979591836735,3.9341958,3
777,32908-0view.jpg,0.061224489795918366,3.4867074,2
778,32909-1borgo.jpg,0.3877551020408163,3.738995,3
779,32917-2battle.jpg,0.2857142857142857,3.6175728,4
780,32918-3corona.jpg,0.32653061224489793,3.6399503,3
781,32920-4oathleo.jpg,0.22448979591836735,2.609442,2
782,32921-0view.jpg,0.14285714285714285,3.8780024,4
783,32922-1baptis.jpg,0.0,,0
784,32923-1baptism.jpg,0.10204081632653061,3.8966162,1
785,32924-1justice.jpg,0.3673469387755102,3.0926023,2
786,32925-1pope.jpg,0.4489795918367347,3.0583832,2
787,32926-2battle.jpg,0.061224489795918366,3.843812,1
788,32932-3vision.jpg,0.1836734693877551,3.7264528,3
789,32936-4donati.jpg,0.32653061224489793,3.1006355,1
790,32938-5foundat.jpg,0.16326530612244897,3.51545,5
791,32939-00colonn.jpg,0.24489795918367346,3.9373884,1
792,32940-01loreto.jpg,0.3469387755102041,3.406172,2
793,32941-02garvag.jpg,0.08163265306122448,2.119191,2
794,32942-03diadem.jpg,0.32653061224489793,3.513928,1
795,32943-04cardin.jpg,0.40816326530612246,2.9545345,1
796,32944-051portr.jpg,0.02040816326530612,4.2426405,1
797,32945-05farn.jpg,0.42857142857142855,2.965931,2
798,32946-05farne.jpg,0.20408163265306123,3.5674033,4
799,32947-05farne0.jpg,0.30612244897959184,3.344577,1
800,32950-06alba.jpg,0.10204081632653061,3.176055,2
801,32951-07folig.jpg,0.42857142857142855,3.5333307,6
802,32955-09julius.jpg,0.3877551020408163,3.8603575,3
803,32956-10julius.jpg,0.3469387755102041,3.2990513,2
804,32957-01altovi.jpg,0.5102040816326531,3.1834402,2
805,32958-02fish.jpg,0.1836734693877551,3.2752862,2
806,32959-03sisti.jpg,0.3469387755102041,2.780287,3
807,32962-04impan.jpg,0.061224489795918366,4.2426405,2
808,32964-05sibyl.jpg,0.4897959183673469,3.2365077,2
809,32965-05sibyl1.jpg,0.2857142857142857,3.8522458,2
810,32969-06cecil.jpg,0.6122448979591837,2.8612435,2
811,32973-07sedia1.jpg,0.40816326530612246,3.7919493,2
812,32974-07sedia2.jpg,0.08163265306122448,3.1622777,2
813,32975-08tenda.jpg,0.4489795918367347,3.5596945,1
814,32977-09chigi2.jpg,0.24489795918367346,3.5830803,3
815,32978-01castig.jpg,0.3469387755102041,2.8396122,2
816,32979-01youngm.jpg,0.14285714285714285,3.0391772,3
817,32980-02inghir.jpg,0.40816326530612246,3.7050526,1
818,32981-03velata.jpg,0.3469387755102041,2.8311522,1
819,32982-04bibbie.jpg,0.40816326530612246,3.374912,1
820,32983-05double.jpg,0.42857142857142855,3.1979175,1
821,32984-06stuffe.jpg,0.20408163265306123,3.3753498,2
822,32985-08carryx.jpg,0.22448979591836735,3.510089,3
823,32989-2animals.jpg,0.30612244897959184,3.4713323,3
824,32990-2moses.jpg,0.2857142857142857,3.5947073,1
825,32991-2scenes.jpg,0.4489795918367347,3.3427835,3
826,32992-3david.jpg,0.2653061224489796,3.7388983,4
827,32993-3jacob.jpg,0.30612244897959184,3.3651001,2
828,32994-3solomon.jpg,0.10204081632653061,3.7407207,2
829,32995-4isaac.jpg,0.20408163265306123,3.8594565,1
830,32996-5jacob.jpg,0.3673469387755102,3.5913734,4
831,32997-6logget1.jpg,0.14285714285714285,3.4428346,1
832,32998-6logget2.jpg,0.02040816326530612,3.1622777,1
833,32999-6logget3.jpg,0.3469387755102041,3.9050767,3
834,33000-01farnes.jpg,0.16326530612244897,2.7011833,3
835,33001-02farnes.jpg,0.2653061224489796,3.3917725,2
836,33002-03farnes.jpg,0.08163265306122448,4.2426405,2
837,33003-04farnes.jpg,0.5102040816326531,3.4727218,3
838,33004-05farnes.jpg,0.3877551020408163,2.4349523,2
839,33007-08farnes.jpg,0.30612244897959184,3.5962937,3
840,33008-09farnes.jpg,0.3877551020408163,3.3231733,4
841,33009-10farnes.jpg,0.42857142857142855,2.9646642,2
842,33010-11farnes.jpg,0.32653061224489793,3.4822307,2
843,33011-12farnes.jpg,0.24489795918367346,3.427288,3
844,33012-13farnes.jpg,0.2857142857142857,2.9116004,3
845,33013-14farnes.jpg,0.16326530612244897,3.6123881,3
846,33014-15farnes.jpg,0.30612244897959184,3.79744,3
847,33015-16farnes.jpg,0.20408163265306123,4.046065,3
848,33016-17farnes.jpg,0.32653061224489793,3.81947,3
849,33017-18farnes.jpg,0.3673469387755102,3.186486,4
850,33019-01holyfa.jpg,0.24489795918367346,3.216999,1
851,33021-02holy_o.jpg,0.3877551020408163,2.9874024,3
852,33023-03perla.jpg,0.16326530612244897,2.8758938,2
853,33024-03satan.jpg,0.14285714285714285,3.297754,1
854,33025-04double.jpg,0.12244897959183673,2.7707627,2
855,33027-05aragon.jpg,0.32653061224489793,3.0282686,1
856,33031-07baptis.jpg,0.22448979591836735,3.3433292,2
857,33032-08ezekie.jpg,0.4489795918367347,3.0414326,2
858,33035-09leo_x.jpg,0.20408163265306123,3.078534,2
859,33038-10trans.jpg,0.3673469387755102,3.4725716,2
860,33377-01newtes.jpg,0.2857142857142857,3.280313,2
861,33378-02newtes.jpg,0.40816326530612246,2.6420078,2
862,33379-02newtet.jpg,0.42857142857142855,3.0845063,1
863,33381-04newtes.jpg,0.4489795918367347,2.4294345,1
864,33382-05newtes.jpg,0.4897959183673469,3.2442875,1
865,33383-06newtes.jpg,0.42857142857142855,2.5968788,1
866,33384-07newtes.jpg,0.3877551020408163,3.1923199,1
867,33385-08newtes.jpg,0.2857142857142857,2.895659,2
868,33386-09newtes.jpg,0.24489795918367346,3.6093554,2
869,33387-10newtes.jpg,0.30612244897959184,3.2285988,5
870,33388-11newtes.jpg,0.32653061224489793,3.215106,3
871,33389-12newtes.jpg,0.40816326530612246,3.2792473,3
872,33390-12newtet.jpg,0.4897959183673469,3.2669778,1
873,33391-13newtes.jpg,0.40816326530612246,3.594367,1
874,33392-14newtes.jpg,0.30612244897959184,3.6718545,1
875,33393-15newtes.jpg,0.3673469387755102,3.534519,1
876,33394-15newtet.jpg,0.46938775510204084,3.0335088,1
877,33396-16newtes.jpg,0.24489795918367346,3.3570826,1
878,33397-17newtes.jpg,0.24489795918367346,3.8525438,2
879,33399-01passio.jpg,0.46938775510204084,2.9920516,1
880,33400-02passio.jpg,0.3877551020408163,3.1564403,3
881,33402-03passio.jpg,0.12244897959183673,3.8088021,2
882,33403-04passio.jpg,0.40816326530612246,2.9338086,2
883,33404-05passio.jpg,0.3673469387755102,3.2643802,2
884,33406-07passio.jpg,0.46938775510204084,2.7106078,1
885,33408-31newtes.jpg,0.32653061224489793,3.8441296,4
886,33409-32newtes.jpg,0.40816326530612246,3.6949966,1
887,33410-33newtes.jpg,0.30612244897959184,3.4273703,1
888,33411-34newtes.jpg,0.4489795918367347,3.146644,1
889,33413-36newtes.jpg,0.46938775510204084,2.937726,2
890,33414-37newtes.jpg,0.4897959183673469,2.900209,1
891,33415-38newtes.jpg,0.42857142857142855,3.736375,1
892,33416-39newtes.jpg,0.2653061224489796,3.5666738,2
893,33418-62newtes.jpg,0.3877551020408163,3.4458873,2
894,33419-63newtes.jpg,0.3673469387755102,2.9888518,1
895,33421-64newtes.jpg,0.42857142857142855,2.4513986,2
896,33422-65newtes.jpg,0.3877551020408163,3.0848913,1
897,33424-67newtes.jpg,0.40816326530612246,3.0456266,1
898,33425-68newtes.jpg,0.42857142857142855,2.7026618,1
899,33426-69newtes.jpg,0.42857142857142855,3.3513615,1
900,33427-70newtes.jpg,0.5306122448979592,2.8459694,2
901,33434-02oldtes.jpg,0.3673469387755102,3.6686988,3
902,33435-03oldter.jpg,0.3877551020408163,2.9124367,2
903,33436-03oldtes.jpg,0.42857142857142855,3.30308,2
904,33437-03oldtet.jpg,0.46938775510204084,3.1803005,1
905,33438-04oldtes.jpg,0.40816326530612246,3.5646605,1
906,33439-05oldtes.jpg,0.3469387755102041,3.4508977,1
907,33440-05oldtet.jpg,0.40816326530612246,3.4526796,2
908,33441-06oldtes.jpg,0.3673469387755102,3.6858737,1
909,33443-07oldtes.jpg,0.42857142857142855,3.0339882,1
910,33444-08oldtes.jpg,0.4489795918367347,2.8811717,1
911,33446-10oldtes.jpg,0.3877551020408163,3.709953,1
912,33448-12oldtes.jpg,0.3673469387755102,2.9330633,2
913,33449-13oldtes.jpg,0.3877551020408163,3.3436265,2
914,33450-14oldtes.jpg,0.4897959183673469,2.6806185,1
915,33451-15oldtes.jpg,0.40816326530612246,3.1392994,1
916,33452-16oldtes.jpg,0.4489795918367347,3.3750415,1
917,33453-17oldtes.jpg,0.42857142857142855,2.7011526,1
918,33456-19oldtet.jpg,0.4489795918367347,3.2061667,2
919,33457-20oldtes.jpg,0.5510204081632653,2.9263353,1
920,33458-21oldtes.jpg,0.4897959183673469,2.4482954,1
921,33459-22oldtes.jpg,0.46938775510204084,3.4404962,2
922,33460-24oldtes.jpg,0.5510204081632653,3.0577126,2
923,33462-25oldtes.jpg,0.4897959183673469,3.067693,2
924,33466-01mythol.jpg,0.4897959183673469,2.8669963,1
925,33467-02mythol.jpg,0.4489795918367347,2.8808267,1
926,33469-04mythol.jpg,0.5306122448979592,3.1136358,1
927,33470-05mythol.jpg,0.4897959183673469,3.361895,1
928,33471-06mythol.jpg,0.3673469387755102,3.232882,3
929,33472-06mythom.jpg,0.42857142857142855,3.1461024,1
930,33474-07mythol.jpg,0.4489795918367347,3.2078347,1
931,33475-07mythom.jpg,0.5102040816326531,2.9129865,1
932,33476-09mythol.jpg,0.42857142857142855,3.4680476,1
933,33480-13mythol.jpg,0.46938775510204084,2.4907558,1
934,33481-13mythom.jpg,0.4897959183673469,2.4501455,3
935,33482-14mythol.jpg,0.2653061224489796,3.5752969,5
936,33483-01histor.jpg,0.3469387755102041,3.9650059,1
937,33485-03histor.jpg,0.42857142857142855,3.0252082,2
938,33486-03histos.jpg,0.3877551020408163,3.1850216,1
939,33491-08histor.jpg,0.3469387755102041,3.0647728,1
940,33492-09histor.jpg,0.46938775510204084,3.6695995,1
941,33493-00portra.jpg,0.42857142857142855,2.9544432,1
942,33494-01portra.jpg,0.3877551020408163,3.3028398,1
943,33495-02portra.jpg,0.4897959183673469,2.2794142,1
944,33496-02portrb.jpg,0.42857142857142855,3.4839883,1
945,33497-03portra.jpg,0.40816326530612246,2.7781513,1
946,33498-05portra.jpg,0.4897959183673469,2.8869581,1
947,33499-06portra.jpg,0.3877551020408163,2.9839325,1
948,33500-06portrb.jpg,0.3469387755102041,3.4508328,1
949,33502-07portra.jpg,0.42857142857142855,3.587041,1
950,33503-08portra.jpg,0.42857142857142855,2.4331079,4
951,33504-09portra.jpg,0.3673469387755102,2.8862271,1
952,33505-10portra.jpg,0.3469387755102041,2.9105144,1
953,33506-11portra.jpg,0.5102040816326531,3.3978631,1
954,33507-12portra.jpg,0.40816326530612246,2.581853,1
955,33508-13portra.jpg,0.3673469387755102,3.259179,1
956,33511-16portra.jpg,0.42857142857142855,3.490769,1
957,33512-17portra.jpg,0.40816326530612246,3.969211,1
958,33513-18portra.jpg,0.42857142857142855,2.9405947,1
959,33514-19portra.jpg,0.5306122448979592,3.7114344,1
960,33515-20portra.jpg,0.40816326530612246,3.2831466,1
961,33516-21portra.jpg,0.3673469387755102,2.5073538,2
962,33517-31portra.jpg,0.4489795918367347,3.075408,1
963,33518-32portra.jpg,0.40816326530612246,3.3202744,1
964,33519-33portra.jpg,0.3673469387755102,3.3074546,4
965,33520-34portra.jpg,0.40816326530612246,3.3468769,1
966,33521-35portra.jpg,0.4489795918367347,3.4229968,1
967,33522-36portra.jpg,0.5714285714285714,3.175548,1
968,33525-39portra.jpg,0.3673469387755102,3.239293,2
969,33527-40portra.jpg,0.3673469387755102,3.2949433,2
970,33528-40portrc.jpg,0.4489795918367347,3.4316678,1
971,33529-40portrd.jpg,0.4897959183673469,3.480696,1
972,33530-41portra.jpg,0.4489795918367347,2.997224,1
973,33532-43portra.jpg,0.4489795918367347,2.8685222,2
974,33535-46portra.jpg,0.3469387755102041,3.7269063,2
975,33536-47portra.jpg,0.42857142857142855,2.8270237,1
976,33537-48portra.jpg,0.32653061224489793,3.17719,1
977,33538-49portra.jpg,0.3673469387755102,3.309128,1
978,33539-50portra.jpg,0.46938775510204084,3.8246744,1
979,33540-61portra.jpg,0.3877551020408163,3.0127275,1
980,33541-62portra.jpg,0.3877551020408163,3.220086,1
981,33542-63portra.jpg,0.3877551020408163,3.4868162,1
982,33543-64portra.jpg,0.32653061224489793,3.7041233,1
983,33544-65portra.jpg,0.3673469387755102,3.1293945,2
984,33546-67portra.jpg,0.4897959183673469,3.177685,2
985,33547-70portra.jpg,0.4489795918367347,2.8276079,1
986,33548-71portra.jpg,0.3877551020408163,3.1561384,2
987,33549-72portra.jpg,0.4489795918367347,2.892981,3
988,33550-73portra.jpg,0.3673469387755102,3.6038256,1
989,33551-74portra.jpg,0.42857142857142855,3.2783656,1
990,33552-081portr.jpg,0.32653061224489793,2.9153457,1
991,33553-082portr.jpg,0.3673469387755102,3.0017834,1
992,33554-083portr.jpg,0.32653061224489793,3.3322165,1
993,33555-084portr.jpg,0.2653061224489796,3.1784756,1
994,33556-085portr.jpg,0.42857142857142855,3.000058,1
995,33557-086portr.jpg,0.3469387755102041,2.9458263,1
996,33560-089portr.jpg,0.40816326530612246,3.1668704,1
997,33561-090portr.jpg,0.4489795918367347,3.465846,1
998,33562-091portr.jpg,0.3877551020408163,3.4279861,1
999,33563-092portr.jpg,0.5102040816326531,3.0669024,1
1000,33564-093portr.jpg,0.40816326530612246,3.1411035,1
1001,33565-094portr.jpg,0.46938775510204084,3.3411462,2
1002,33566-095portr.jpg,0.46938775510204084,2.8112617,1
1003,33567-096portr.jpg,0.46938775510204084,2.9355817,1
1004,33568-097portr.jpg,0.42857142857142855,3.1104364,1
1005,33569-098portr.jpg,0.4489795918367347,3.222928,1
1006,33571-100portr.jpg,0.46938775510204084,3.026993,1
1007,33572-102portr.jpg,0.3673469387755102,3.0827782,1
1008,33573-102ports.jpg,0.32653061224489793,3.1484113,1
1009,33575-104portr.jpg,0.32653061224489793,3.2533,1
1010,33576-105portr.jpg,0.3469387755102041,2.9501975,1
1011,33577-106portr.jpg,0.40816326530612246,3.164477,1
1012,33578-123portr.jpg,0.32653061224489793,3.7552667,2
1013,33579-120portr.jpg,0.46938775510204084,2.4207172,1
1014,33580-121portr.jpg,0.3469387755102041,3.3819149,1
1015,33581-122portr.jpg,0.40816326530612246,3.4505394,1
1016,33582-124portr.jpg,0.42857142857142855,2.6209753,1
1017,33583-125portr.jpg,0.3469387755102041,3.0205288,1
1018,33584-126portr.jpg,0.40816326530612246,3.4164743,1
1019,33585-127portr.jpg,0.40816326530612246,3.5031857,1
1020,33586-128portr.jpg,0.3673469387755102,3.4698439,1
1021,33587-129portr.jpg,0.4897959183673469,3.3042474,1
1022,33592-134portr.jpg,0.32653061224489793,3.1315668,1
1023,33593-135portr.jpg,0.32653061224489793,3.1221178,1
1024,33594-136portr.jpg,0.40816326530612246,3.2166378,1
1025,33596-01group.jpg,0.3877551020408163,3.352042,1
1026,33601-06group.jpg,0.3877551020408163,3.2826116,2
1027,33607-12group.jpg,0.46938775510204084,3.8887181,1
1028,33609-14group.jpg,0.30612244897959184,3.0161297,4
1029,33611-16group.jpg,0.46938775510204084,2.700367,1
1030,33612-01sp1626.jpg,0.40816326530612246,3.904076,2
1031,33614-03sp1628.jpg,0.42857142857142855,3.10675,3
1032,33615-04sp1629.jpg,0.3877551020408163,3.2436032,1
1033,33616-05sp1629.jpg,0.4489795918367347,2.9727175,3
1034,33618-07sp1629.jpg,0.3877551020408163,2.8509233,1
1035,33619-07sp1630.jpg,0.3469387755102041,3.147865,2
1036,33620-08sp1631.jpg,0.4489795918367347,3.3973868,1
1037,33621-09sp1633.jpg,0.42857142857142855,3.4240522,1
1038,33622-10sp1634.jpg,0.40816326530612246,3.0352266,1
1039,33623-11sp1634.jpg,0.4897959183673469,2.9215717,1
1040,33624-12sp1634.jpg,0.42857142857142855,2.9454567,2
1041,33625-13sp1634.jpg,0.40816326530612246,3.2652795,2
1042,33626-13sp1640.jpg,0.3877551020408163,3.0826147,2
1043,33627-14sp1643.jpg,0.42857142857142855,2.743994,1
1044,33628-15sp1657.jpg,0.4489795918367347,2.9302082,1
1045,33629-16sp1658.jpg,0.42857142857142855,3.0153944,1
1046,33630-17sp1659.jpg,0.42857142857142855,3.108038,2
1047,33632-18sp1660.jpg,0.4897959183673469,2.978399,1
1048,33633-19sp1660.jpg,0.3469387755102041,3.7018187,1
1049,33634-20sp1661.jpg,0.40816326530612246,3.3510947,1
1050,33635-21sp1661.jpg,0.46938775510204084,3.2060766,1
1051,33638-22sp1668.jpg,0.32653061224489793,3.1694617,1
1052,33639-22sp1669.jpg,0.42857142857142855,3.8303533,1
1053,33640-23sp1669.jpg,0.3877551020408163,3.221242,1
1054,33641-24sp1669.jpg,0.4489795918367347,3.4344301,1
1055,33642-01landsc.jpg,0.42857142857142855,3.4676044,1
1056,33645-04landsc.jpg,0.30612244897959184,3.869826,4
1057,33646-05landsc.jpg,0.3877551020408163,3.1888962,3
1058,33647-06landsc.jpg,0.5102040816326531,3.394161,1
1059,33648-07landsc.jpg,0.2857142857142857,3.5776408,2
1060,33649-08landsc.jpg,0.16326530612244897,3.2928982,2
1061,33650-09landsc.jpg,0.3877551020408163,3.565654,1
1062,33651-00misc.jpg,0.5510204081632653,3.9617362,1
1063,33652-01misc.jpg,0.2857142857142857,3.399789,3
1064,33653-02misc.jpg,0.40816326530612246,3.5269573,1
1065,33655-03misc.jpg,0.2857142857142857,3.6291966,1
1066,33657-04misc.jpg,0.42857142857142855,2.8311515,1
1067,33658-05misc.jpg,0.1836734693877551,3.4655643,1
1068,33659-06misc.jpg,0.3877551020408163,3.5699215,1
1069,33661-08misc.jpg,0.3877551020408163,3.3781645,1
1070,33662-09misc.jpg,0.42857142857142855,3.5063803,2
1071,33663-10misc.jpg,0.46938775510204084,3.4927418,2
1072,33886-01noremb.jpg,0.22448979591836735,3.8420746,2
1073,33887-02noremb.jpg,0.40816326530612246,3.500313,3
1074,33889-04noremb.jpg,0.3673469387755102,3.3767028,1
1075,33890-05noremb.jpg,0.40816326530612246,3.176756,1
1076,33891-06noremb.jpg,0.3673469387755102,3.4324098,1
1077,33892-07noremb.jpg,0.3469387755102041,3.4677749,3
1078,33893-08noremb.jpg,0.2653061224489796,3.1089487,1
1079,33895-10noremb.jpg,0.46938775510204084,2.8463118,1
1080,33896-11noremb.jpg,0.4489795918367347,3.2050903,2
1081,33897-12noremb.jpg,0.40816326530612246,3.3768938,1
1082,33898-13noremb.jpg,0.42857142857142855,3.2871723,1
1083,33899-14noremb.jpg,0.3469387755102041,3.3930104,1
1084,33900-15noremb.jpg,0.46938775510204084,3.1555746,1
1085,33901-16noremb.jpg,0.3673469387755102,3.2253265,1
1086,33902-17noremb.jpg,0.3673469387755102,3.4840689,2
1087,33903-18noremb.jpg,0.5102040816326531,2.7257633,1
1088,33905-20noremb.jpg,0.3877551020408163,3.4024167,1
1089,33906-21noremb.jpg,0.42857142857142855,3.284761,1
1090,33907-22noremb.jpg,0.42857142857142855,2.6862779,2
1091,33908-23noremb.jpg,0.4897959183673469,2.9067945,2
1092,33909-24noremb.jpg,0.4489795918367347,2.8061292,2
1093,33910-25noremb.jpg,0.3673469387755102,2.5703902,1
1094,33911-26noremb.jpg,0.3877551020408163,3.4107232,1
1095,33912-27noremb.jpg,0.3673469387755102,3.2255805,1
